0,T,0,T/2,0
88182000000,2.98E-23,3.00E-23,1.48E-23,1.50E-23
1.76E+11,1.18E-22,1.20E-22,5.83E-23,6.00E-23
2.65E+11,2.64E-22,2.70E-22,1.29E-22,1.35E-22
3.53E+11,4.67E-22,4.80E-22,2.27E-22,2.40E-22
4.41E+11,7.24E-22,7.49E-22,3.49E-22,3.75E-22
5.29E+11,1.03E-21,1.08E-21,4.96E-22,5.40E-22
6.17E+11,1.40E-21,1.47E-21,6.65E-22,7.34E-22
7.05E+11,1.81E-21,1.92E-21,8.56E-22,9.59E-22
7.94E+11,2.28E-21,2.43E-21,1.07E-21,1.21E-21
8.82E+11,2.79E-21,3.00E-21,1.30E-21,1.50E-21
9.70E+11,3.36E-21,3.63E-21,1.55E-21,1.81E-21
1.06E+12,3.96E-21,4.32E-21,1.81E-21,2.16E-21
1.15E+12,4.62E-21,5.07E-21,2.10E-21,2.53E-21
1.23E+12,5.32E-21,5.88E-21,2.40E-21,2.94E-21
1.32E+12,6.06E-21,6.74E-21,2.71E-21,3.37E-21
1.41E+12,6.85E-21,7.67E-21,3.04E-21,3.84E-21
1.50E+12,7.67E-21,8.66E-21,3.38E-21,4.33E-21
1.59E+12,8.54E-21,9.71E-21,3.73E-21,4.86E-21
1.68E+12,9.44E-21,1.08E-20,4.09E-21,5.41E-21
1.76E+12,1.04E-20,1.20E-20,4.47E-21,6.00E-21
1.85E+12,1.14E-20,1.32E-20,4.85E-21,6.61E-21
1.94E+12,1.24E-20,1.45E-20,5.24E-21,7.25E-21
2.03E+12,1.34E-20,1.59E-20,5.64E-21,7.93E-21
2.12E+12,1.45E-20,1.73E-20,6.04E-21,8.63E-21
2.20E+12,1.56E-20,1.87E-20,6.45E-21,9.37E-21
2.29E+12,1.68E-20,2.03E-20,6.87E-21,1.01E-20
2.38E+12,1.80E-20,2.19E-20,7.29E-21,1.09E-20
2.47E+12,1.92E-20,2.35E-20,7.72E-21,1.18E-20
2.56E+12,2.04E-20,2.52E-20,8.15E-21,1.26E-20
2.65E+12,2.17E-20,2.70E-20,8.58E-21,1.35E-20
2.73E+12,2.30E-20,2.88E-20,9.02E-21,1.44E-20
2.82E+12,2.43E-20,3.07E-20,9.46E-21,1.53E-20
2.91E+12,2.57E-20,3.26E-20,9.90E-21,1.63E-20
3.00E+12,2.70E-20,3.47E-20,1.03E-20,1.73E-20
3.09E+12,2.84E-20,3.67E-20,1.08E-20,1.84E-20
3.17E+12,2.98E-20,3.88E-20,1.12E-20,1.94E-20
3.26E+12,3.13E-20,4.10E-20,1.17E-20,2.05E-20
3.35E+12,3.27E-20,4.33E-20,1.21E-20,2.16E-20
3.44E+12,3.42E-20,4.56E-20,1.25E-20,2.28E-20
3.53E+12,3.57E-20,4.80E-20,1.30E-20,2.40E-20
3.62E+12,3.72E-20,5.04E-20,1.34E-20,2.52E-20
3.70E+12,3.88E-20,5.29E-20,1.38E-20,2.64E-20
3.79E+12,4.03E-20,5.54E-20,1.42E-20,2.77E-20
3.88E+12,4.19E-20,5.80E-20,1.47E-20,2.90E-20
3.97E+12,4.35E-20,6.07E-20,1.51E-20,3.04E-20
4.06E+12,4.51E-20,6.34E-20,1.55E-20,3.17E-20
4.14E+12,4.67E-20,6.62E-20,1.59E-20,3.31E-20
4.23E+12,4.83E-20,6.91E-20,1.63E-20,3.45E-20
4.32E+12,5.00E-20,7.20E-20,1.67E-20,3.60E-20
4.41E+12,5.16E-20,7.49E-20,1.71E-20,3.75E-20
4.50E+12,5.33E-20,7.80E-20,1.75E-20,3.90E-20
4.59E+12,5.50E-20,8.11E-20,1.78E-20,4.05E-20
4.67E+12,5.67E-20,8.42E-20,1.82E-20,4.21E-20
4.76E+12,5.84E-20,8.74E-20,1.86E-20,4.37E-20
4.85E+12,6.01E-20,9.07E-20,1.89E-20,4.53E-20
4.94E+12,6.18E-20,9.40E-20,1.93E-20,4.70E-20
5.03E+12,6.35E-20,9.74E-20,1.96E-20,4.87E-20
5.11E+12,6.52E-20,1.01E-19,2.00E-20,5.04E-20
5.20E+12,6.69E-20,1.04E-19,2.03E-20,5.22E-20
5.29E+12,6.87E-20,1.08E-19,2.06E-20,5.40E-20
5.38E+12,7.04E-20,1.12E-19,2.09E-20,5.58E-20
5.47E+12,7.22E-20,1.15E-19,2.12E-20,5.76E-20
5.56E+12,7.39E-20,1.19E-19,2.15E-20,5.95E-20
5.64E+12,7.57E-20,1.23E-19,2.18E-20,6.14E-20
5.73E+12,7.74E-20,1.27E-19,2.21E-20,6.33E-20
5.82E+12,7.92E-20,1.31E-19,2.24E-20,6.53E-20
5.91E+12,8.09E-20,1.35E-19,2.27E-20,6.73E-20
6.00E+12,8.27E-20,1.39E-19,2.29E-20,6.93E-20
6.08E+12,8.44E-20,1.43E-19,2.32E-20,7.14E-20
6.17E+12,8.62E-20,1.47E-19,2.34E-20,7.34E-20
6.26E+12,8.79E-20,1.51E-19,2.36E-20,7.56E-20
6.35E+12,8.97E-20,1.55E-19,2.39E-20,7.77E-20
6.44E+12,9.15E-20,1.60E-19,2.41E-20,7.99E-20
6.53E+12,9.32E-20,1.64E-19,2.43E-20,8.21E-20
6.61E+12,9.50E-20,1.69E-19,2.45E-20,8.43E-20
6.70E+12,9.67E-20,1.73E-19,2.47E-20,8.66E-20
6.79E+12,9.84E-20,1.78E-19,2.48E-20,8.89E-20
6.88E+12,1.00E-19,1.82E-19,2.50E-20,9.12E-20
6.97E+12,1.02E-19,1.87E-19,2.52E-20,9.35E-20
7.05E+12,1.04E-19,1.92E-19,2.53E-20,9.59E-20
7.14E+12,1.05E-19,1.97E-19,2.55E-20,9.83E-20
7.23E+12,1.07E-19,2.02E-19,2.56E-20,1.01E-19
7.32E+12,1.09E-19,2.07E-19,2.58E-20,1.03E-19
7.41E+12,1.10E-19,2.12E-19,2.59E-20,1.06E-19
7.50E+12,1.12E-19,2.17E-19,2.60E-20,1.08E-19
7.58E+12,1.14E-19,2.22E-19,2.61E-20,1.11E-19
7.67E+12,1.16E-19,2.27E-19,2.62E-20,1.13E-19
7.76E+12,1.17E-19,2.32E-19,2.63E-20,1.16E-19
7.85E+12,1.19E-19,2.37E-19,2.64E-20,1.19E-19
7.94E+12,1.21E-19,2.43E-19,2.65E-20,1.21E-19
8.02E+12,1.22E-19,2.48E-19,2.65E-20,1.24E-19
8.11E+12,1.24E-19,2.54E-19,2.66E-20,1.27E-19
8.20E+12,1.25E-19,2.59E-19,2.66E-20,1.30E-19
8.29E+12,1.27E-19,2.65E-19,2.67E-20,1.32E-19
8.38E+12,1.29E-19,2.71E-19,2.67E-20,1.35E-19
8.47E+12,1.30E-19,2.76E-19,2.68E-20,1.38E-19
8.55E+12,1.32E-19,2.82E-19,2.68E-20,1.41E-19
8.64E+12,1.33E-19,2.88E-19,2.68E-20,1.44E-19
8.73E+12,1.35E-19,2.94E-19,2.68E-20,1.47E-19
8.82E+12,1.37E-19,3.00E-19,2.68E-20,1.50E-19
8.91E+12,1.38E-19,3.06E-19,2.68E-20,1.53E-19
8.99E+12,1.40E-19,3.12E-19,2.68E-20,1.56E-19
9.08E+12,1.41E-19,3.18E-19,2.68E-20,1.59E-19
9.17E+12,1.43E-19,3.24E-19,2.68E-20,1.62E-19
9.26E+12,1.44E-19,3.30E-19,2.67E-20,1.65E-19
9.35E+12,1.46E-19,3.37E-19,2.67E-20,1.68E-19
9.44E+12,1.47E-19,3.43E-19,2.67E-20,1.72E-19
9.52E+12,1.49E-19,3.50E-19,2.66E-20,1.75E-19
9.61E+12,1.50E-19,3.56E-19,2.66E-20,1.78E-19
9.70E+12,1.51E-19,3.63E-19,2.65E-20,1.81E-19
9.79E+12,1.53E-19,3.69E-19,2.64E-20,1.85E-19
9.88E+12,1.54E-19,3.76E-19,2.64E-20,1.88E-19
9.96E+12,1.56E-19,3.83E-19,2.63E-20,1.91E-19
1.01E+13,1.57E-19,3.90E-19,2.62E-20,1.95E-19
1.01E+13,1.58E-19,3.96E-19,2.61E-20,1.98E-19
1.02E+13,1.60E-19,4.03E-19,2.60E-20,2.02E-19
1.03E+13,1.61E-19,4.10E-19,2.60E-20,2.05E-19
1.04E+13,1.62E-19,4.17E-19,2.59E-20,2.09E-19
1.05E+13,1.64E-19,4.25E-19,2.58E-20,2.12E-19
1.06E+13,1.65E-19,4.32E-19,2.57E-20,2.16E-19
1.07E+13,1.66E-19,4.39E-19,2.55E-20,2.19E-19
1.08E+13,1.67E-19,4.46E-19,2.54E-20,2.23E-19
1.08E+13,1.69E-19,4.54E-19,2.53E-20,2.27E-19
1.09E+13,1.70E-19,4.61E-19,2.52E-20,2.30E-19
1.10E+13,1.71E-19,4.68E-19,2.51E-20,2.34E-19
1.11E+13,1.72E-19,4.76E-19,2.49E-20,2.38E-19
1.12E+13,1.73E-19,4.83E-19,2.48E-20,2.42E-19
1.13E+13,1.75E-19,4.91E-19,2.47E-20,2.46E-19
1.14E+13,1.76E-19,4.99E-19,2.45E-20,2.49E-19
1.15E+13,1.77E-19,5.07E-19,2.44E-20,2.53E-19
1.16E+13,1.78E-19,5.14E-19,2.42E-20,2.57E-19
1.16E+13,1.79E-19,5.22E-19,2.41E-20,2.61E-19
1.17E+13,1.80E-19,5.30E-19,2.39E-20,2.65E-19
1.18E+13,1.81E-19,5.38E-19,2.38E-20,2.69E-19
1.19E+13,1.82E-19,5.46E-19,2.36E-20,2.73E-19
1.20E+13,1.83E-19,5.54E-19,2.35E-20,2.77E-19
1.21E+13,1.84E-19,5.63E-19,2.33E-20,2.81E-19
1.22E+13,1.85E-19,5.71E-19,2.32E-20,2.85E-19
1.23E+13,1.86E-19,5.79E-19,2.30E-20,2.90E-19
1.23E+13,1.87E-19,5.88E-19,2.28E-20,2.94E-19
1.24E+13,1.88E-19,5.96E-19,2.27E-20,2.98E-19
1.25E+13,1.89E-19,6.04E-19,2.25E-20,3.02E-19
1.26E+13,1.90E-19,6.13E-19,2.23E-20,3.06E-19
1.27E+13,1.91E-19,6.22E-19,2.21E-20,3.11E-19
1.28E+13,1.92E-19,6.30E-19,2.20E-20,3.15E-19
1.29E+13,1.93E-19,6.39E-19,2.18E-20,3.19E-19
1.30E+13,1.93E-19,6.48E-19,2.16E-20,3.24E-19
1.31E+13,1.94E-19,6.57E-19,2.14E-20,3.28E-19
1.31E+13,1.95E-19,6.66E-19,2.13E-20,3.33E-19
1.32E+13,1.96E-19,6.74E-19,2.11E-20,3.37E-19
1.33E+13,1.97E-19,6.83E-19,2.09E-20,3.42E-19
1.34E+13,1.97E-19,6.93E-19,2.07E-20,3.46E-19
1.35E+13,1.98E-19,7.02E-19,2.05E-20,3.51E-19
1.36E+13,1.99E-19,7.11E-19,2.03E-20,3.55E-19
1.37E+13,1.99E-19,7.20E-19,2.02E-20,3.60E-19
1.38E+13,2.00E-19,7.30E-19,2.00E-20,3.65E-19
1.38E+13,2.01E-19,7.39E-19,1.98E-20,3.69E-19
1.39E+13,2.01E-19,7.48E-19,1.96E-20,3.74E-19
1.40E+13,2.02E-19,7.58E-19,1.94E-20,3.79E-19
1.41E+13,2.03E-19,7.67E-19,1.92E-20,3.84E-19
1.42E+13,2.03E-19,7.77E-19,1.90E-20,3.89E-19
1.43E+13,2.04E-19,7.87E-19,1.89E-20,3.93E-19
1.44E+13,2.04E-19,7.96E-19,1.87E-20,3.98E-19
1.45E+13,2.05E-19,8.06E-19,1.85E-20,4.03E-19
1.46E+13,2.06E-19,8.16E-19,1.83E-20,4.08E-19
1.46E+13,2.06E-19,8.26E-19,1.81E-20,4.13E-19
1.47E+13,2.07E-19,8.36E-19,1.79E-20,4.18E-19
1.48E+13,2.07E-19,8.46E-19,1.77E-20,4.23E-19
1.49E+13,2.08E-19,8.56E-19,1.75E-20,4.28E-19
1.50E+13,2.08E-19,8.66E-19,1.73E-20,4.33E-19
1.51E+13,2.08E-19,8.77E-19,1.72E-20,4.38E-19
1.52E+13,2.09E-19,8.87E-19,1.70E-20,4.43E-19
1.53E+13,2.09E-19,8.97E-19,1.68E-20,4.49E-19
1.53E+13,2.10E-19,9.08E-19,1.66E-20,4.54E-19
1.54E+13,2.10E-19,9.18E-19,1.64E-20,4.59E-19
1.55E+13,2.10E-19,9.29E-19,1.62E-20,4.64E-19
1.56E+13,2.11E-19,9.39E-19,1.60E-20,4.70E-19
1.57E+13,2.11E-19,9.50E-19,1.59E-20,4.75E-19
1.58E+13,2.11E-19,9.60E-19,1.57E-20,4.80E-19
1.59E+13,2.12E-19,9.71E-19,1.55E-20,4.86E-19
1.60E+13,2.12E-19,9.82E-19,1.53E-20,4.91E-19
1.60E+13,2.12E-19,9.93E-19,1.51E-20,4.96E-19
1.61E+13,2.12E-19,1.00E-18,1.50E-20,5.02E-19
1.62E+13,2.13E-19,1.01E-18,1.48E-20,5.07E-19
1.63E+13,2.13E-19,1.03E-18,1.46E-20,5.13E-19
1.64E+13,2.13E-19,1.04E-18,1.44E-20,5.19E-19
1.65E+13,2.13E-19,1.05E-18,1.43E-20,5.24E-19
1.66E+13,2.13E-19,1.06E-18,1.41E-20,5.30E-19
1.67E+13,2.14E-19,1.07E-18,1.39E-20,5.35E-19
1.68E+13,2.14E-19,1.08E-18,1.37E-20,5.41E-19
1.68E+13,2.14E-19,1.09E-18,1.36E-20,5.47E-19
1.69E+13,2.14E-19,1.11E-18,1.34E-20,5.53E-19
1.70E+13,2.14E-19,1.12E-18,1.32E-20,5.58E-19
1.71E+13,2.14E-19,1.13E-18,1.30E-20,5.64E-19
1.72E+13,2.14E-19,1.14E-18,1.29E-20,5.70E-19
1.73E+13,2.14E-19,1.15E-18,1.27E-20,5.76E-19
1.74E+13,2.14E-19,1.16E-18,1.26E-20,5.82E-19
1.75E+13,2.14E-19,1.18E-18,1.24E-20,5.88E-19
1.75E+13,2.14E-19,1.19E-18,1.22E-20,5.94E-19
1.76E+13,2.14E-19,1.20E-18,1.21E-20,6.00E-19
1.77E+13,2.14E-19,1.21E-18,1.19E-20,6.06E-19
1.78E+13,2.14E-19,1.22E-18,1.17E-20,6.12E-19
1.79E+13,2.14E-19,1.24E-18,1.16E-20,6.18E-19
1.80E+13,2.14E-19,1.25E-18,1.14E-20,6.24E-19
1.81E+13,2.14E-19,1.26E-18,1.13E-20,6.30E-19
1.82E+13,2.14E-19,1.27E-18,1.11E-20,6.36E-19
1.83E+13,2.14E-19,1.28E-18,1.10E-20,6.42E-19
1.83E+13,2.14E-19,1.30E-18,1.08E-20,6.48E-19
1.84E+13,2.14E-19,1.31E-18,1.07E-20,6.55E-19
1.85E+13,2.14E-19,1.32E-18,1.05E-20,6.61E-19
1.86E+13,2.14E-19,1.33E-18,1.04E-20,6.67E-19
1.87E+13,2.14E-19,1.35E-18,1.02E-20,6.74E-19
1.88E+13,2.13E-19,1.36E-18,1.01E-20,6.80E-19
1.89E+13,2.13E-19,1.37E-18,9.95E-21,6.86E-19
1.90E+13,2.13E-19,1.39E-18,9.81E-21,6.93E-19
1.90E+13,2.13E-19,1.40E-18,9.67E-21,6.99E-19
1.91E+13,2.13E-19,1.41E-18,9.53E-21,7.06E-19
1.92E+13,2.12E-19,1.42E-18,9.39E-21,7.12E-19
1.93E+13,2.12E-19,1.44E-18,9.26E-21,7.19E-19
1.94E+13,2.12E-19,1.45E-18,9.12E-21,7.25E-19
1.95E+13,2.12E-19,1.46E-18,8.99E-21,7.32E-19
1.96E+13,2.12E-19,1.48E-18,8.86E-21,7.39E-19
1.97E+13,2.11E-19,1.49E-18,8.73E-21,7.45E-19
1.98E+13,2.11E-19,1.50E-18,8.60E-21,7.52E-19
1.98E+13,2.11E-19,1.52E-18,8.47E-21,7.59E-19
1.99E+13,2.10E-19,1.53E-18,8.35E-21,7.66E-19
2.00E+13,2.10E-19,1.54E-18,8.22E-21,7.72E-19
2.01E+13,2.10E-19,1.56E-18,8.10E-21,7.79E-19
2.02E+13,2.09E-19,1.57E-18,7.98E-21,7.86E-19
2.03E+13,2.09E-19,1.59E-18,7.86E-21,7.93E-19
2.04E+13,2.09E-19,1.60E-18,7.74E-21,8.00E-19
2.05E+13,2.08E-19,1.61E-18,7.62E-21,8.07E-19
2.05E+13,2.08E-19,1.63E-18,7.51E-21,8.14E-19
2.06E+13,2.08E-19,1.64E-18,7.39E-21,8.21E-19
2.07E+13,2.07E-19,1.66E-18,7.28E-21,8.28E-19
2.08E+13,2.07E-19,1.67E-18,7.17E-21,8.35E-19
2.09E+13,2.06E-19,1.68E-18,7.06E-21,8.42E-19
2.10E+13,2.06E-19,1.70E-18,6.95E-21,8.49E-19
2.11E+13,2.06E-19,1.71E-18,6.84E-21,8.56E-19
2.12E+13,2.05E-19,1.73E-18,6.73E-21,8.63E-19
2.13E+13,2.05E-19,1.74E-18,6.63E-21,8.71E-19
2.13E+13,2.04E-19,1.76E-18,6.52E-21,8.78E-19
2.14E+13,2.04E-19,1.77E-18,6.42E-21,8.85E-19
2.15E+13,2.03E-19,1.78E-18,6.32E-21,8.92E-19
2.16E+13,2.03E-19,1.80E-18,6.22E-21,9.00E-19
2.17E+13,2.03E-19,1.81E-18,6.12E-21,9.07E-19
2.18E+13,2.02E-19,1.83E-18,6.02E-21,9.14E-19
2.19E+13,2.02E-19,1.84E-18,5.93E-21,9.22E-19
2.20E+13,2.01E-19,1.86E-18,5.83E-21,9.29E-19
2.20E+13,2.01E-19,1.87E-18,5.74E-21,9.37E-19
2.21E+13,2.00E-19,1.89E-18,5.64E-21,9.44E-19
2.22E+13,2.00E-19,1.90E-18,5.55E-21,9.52E-19
2.23E+13,1.99E-19,1.92E-18,5.46E-21,9.59E-19
2.24E+13,1.98E-19,1.93E-18,5.37E-21,9.67E-19
2.25E+13,1.98E-19,1.95E-18,5.29E-21,9.75E-19
2.26E+13,1.97E-19,1.96E-18,5.20E-21,9.82E-19
2.27E+13,1.97E-19,1.98E-18,5.12E-21,9.90E-19
2.28E+13,1.96E-19,2.00E-18,5.03E-21,9.98E-19
2.28E+13,1.96E-19,2.01E-18,4.95E-21,1.01E-18
2.29E+13,1.95E-19,2.03E-18,4.87E-21,1.01E-18
2.30E+13,1.95E-19,2.04E-18,4.79E-21,1.02E-18
2.31E+13,1.94E-19,2.06E-18,4.71E-21,1.03E-18
2.32E+13,1.93E-19,2.07E-18,4.63E-21,1.04E-18
2.33E+13,1.93E-19,2.09E-18,4.55E-21,1.04E-18
2.34E+13,1.92E-19,2.11E-18,4.47E-21,1.05E-18
2.35E+13,1.92E-19,2.12E-18,4.40E-21,1.06E-18
2.35E+13,1.91E-19,2.14E-18,4.33E-21,1.07E-18
2.36E+13,1.90E-19,2.15E-18,4.25E-21,1.08E-18
2.37E+13,1.90E-19,2.17E-18,4.18E-21,1.08E-18
2.38E+13,1.89E-19,2.19E-18,4.11E-21,1.09E-18
2.39E+13,1.89E-19,2.20E-18,4.04E-21,1.10E-18
2.40E+13,1.88E-19,2.22E-18,3.97E-21,1.11E-18
2.41E+13,1.87E-19,2.23E-18,3.90E-21,1.12E-18
2.42E+13,1.87E-19,2.25E-18,3.84E-21,1.13E-18
2.43E+13,1.86E-19,2.27E-18,3.77E-21,1.13E-18
2.43E+13,1.85E-19,2.28E-18,3.71E-21,1.14E-18
2.44E+13,1.85E-19,2.30E-18,3.64E-21,1.15E-18
2.45E+13,1.84E-19,2.32E-18,3.58E-21,1.16E-18
2.46E+13,1.83E-19,2.33E-18,3.52E-21,1.17E-18
2.47E+13,1.83E-19,2.35E-18,3.46E-21,1.18E-18
2.48E+13,1.82E-19,2.37E-18,3.40E-21,1.18E-18
2.49E+13,1.81E-19,2.38E-18,3.34E-21,1.19E-18
2.50E+13,1.81E-19,2.40E-18,3.28E-21,1.20E-18
2.50E+13,1.80E-19,2.42E-18,3.22E-21,1.21E-18
2.51E+13,1.79E-19,2.43E-18,3.17E-21,1.22E-18
2.52E+13,1.79E-19,2.45E-18,3.11E-21,1.23E-18
2.53E+13,1.78E-19,2.47E-18,3.06E-21,1.23E-18
2.54E+13,1.77E-19,2.49E-18,3.00E-21,1.24E-18
2.55E+13,1.76E-19,2.50E-18,2.95E-21,1.25E-18
2.56E+13,1.76E-19,2.52E-18,2.90E-21,1.26E-18
2.57E+13,1.75E-19,2.54E-18,2.85E-21,1.27E-18
2.57E+13,1.74E-19,2.56E-18,2.80E-21,1.28E-18
2.58E+13,1.74E-19,2.57E-18,2.75E-21,1.29E-18
2.59E+13,1.73E-19,2.59E-18,2.70E-21,1.30E-18
2.60E+13,1.72E-19,2.61E-18,2.65E-21,1.30E-18
2.61E+13,1.72E-19,2.63E-18,2.60E-21,1.31E-18
2.62E+13,1.71E-19,2.64E-18,2.55E-21,1.32E-18
2.63E+13,1.70E-19,2.66E-18,2.51E-21,1.33E-18
2.64E+13,1.69E-19,2.68E-18,2.46E-21,1.34E-18
2.65E+13,1.69E-19,2.70E-18,2.42E-21,1.35E-18
2.65E+13,1.68E-19,2.72E-18,2.38E-21,1.36E-18
2.66E+13,1.67E-19,2.73E-18,2.33E-21,1.37E-18
2.67E+13,1.66E-19,2.75E-18,2.29E-21,1.38E-18
2.68E+13,1.66E-19,2.77E-18,2.25E-21,1.39E-18
2.69E+13,1.65E-19,2.79E-18,2.21E-21,1.39E-18
2.70E+13,1.64E-19,2.81E-18,2.17E-21,1.40E-18
2.71E+13,1.64E-19,2.83E-18,2.13E-21,1.41E-18
2.72E+13,1.63E-19,2.84E-18,2.09E-21,1.42E-18
2.72E+13,1.62E-19,2.86E-18,2.05E-21,1.43E-18
2.73E+13,1.61E-19,2.88E-18,2.01E-21,1.44E-18
2.74E+13,1.61E-19,2.90E-18,1.98E-21,1.45E-18
2.75E+13,1.60E-19,2.92E-18,1.94E-21,1.46E-18
2.76E+13,1.59E-19,2.94E-18,1.90E-21,1.47E-18
2.77E+13,1.58E-19,2.96E-18,1.87E-21,1.48E-18
2.78E+13,1.58E-19,2.97E-18,1.83E-21,1.49E-18
2.79E+13,1.57E-19,2.99E-18,1.80E-21,1.50E-18
2.80E+13,1.56E-19,3.01E-18,1.77E-21,1.51E-18
2.80E+13,1.55E-19,3.03E-18,1.73E-21,1.52E-18
2.81E+13,1.55E-19,3.05E-18,1.70E-21,1.53E-18
2.82E+13,1.54E-19,3.07E-18,1.67E-21,1.53E-18
2.83E+13,1.53E-19,3.09E-18,1.64E-21,1.54E-18
2.84E+13,1.52E-19,3.11E-18,1.61E-21,1.55E-18
2.85E+13,1.52E-19,3.13E-18,1.58E-21,1.56E-18
2.86E+13,1.51E-19,3.15E-18,1.55E-21,1.57E-18
2.87E+13,1.50E-19,3.17E-18,1.52E-21,1.58E-18
2.87E+13,1.49E-19,3.19E-18,1.49E-21,1.59E-18
2.88E+13,1.49E-19,3.21E-18,1.46E-21,1.60E-18
2.89E+13,1.48E-19,3.23E-18,1.44E-21,1.61E-18
2.90E+13,1.47E-19,3.24E-18,1.41E-21,1.62E-18
2.91E+13,1.46E-19,3.26E-18,1.38E-21,1.63E-18
2.92E+13,1.46E-19,3.28E-18,1.36E-21,1.64E-18
2.93E+13,1.45E-19,3.30E-18,1.33E-21,1.65E-18
2.94E+13,1.44E-19,3.32E-18,1.30E-21,1.66E-18
2.95E+13,1.43E-19,3.34E-18,1.28E-21,1.67E-18
2.95E+13,1.43E-19,3.36E-18,1.26E-21,1.68E-18
2.96E+13,1.42E-19,3.38E-18,1.23E-21,1.69E-18
2.97E+13,1.41E-19,3.40E-18,1.21E-21,1.70E-18
2.98E+13,1.40E-19,3.42E-18,1.18E-21,1.71E-18
2.99E+13,1.40E-19,3.44E-18,1.16E-21,1.72E-18
3.00E+13,1.39E-19,3.47E-18,1.14E-21,1.73E-18
3.01E+13,1.38E-19,3.49E-18,1.12E-21,1.74E-18
3.02E+13,1.37E-19,3.51E-18,1.10E-21,1.75E-18
3.02E+13,1.37E-19,3.53E-18,1.08E-21,1.76E-18
3.03E+13,1.36E-19,3.55E-18,1.05E-21,1.77E-18
3.04E+13,1.35E-19,3.57E-18,1.03E-21,1.78E-18
3.05E+13,1.34E-19,3.59E-18,1.01E-21,1.79E-18
3.06E+13,1.34E-19,3.61E-18,9.94E-22,1.80E-18
3.07E+13,1.33E-19,3.63E-18,9.75E-22,1.82E-18
3.08E+13,1.32E-19,3.65E-18,9.56E-22,1.83E-18
3.09E+13,1.31E-19,3.67E-18,9.38E-22,1.84E-18
3.10E+13,1.31E-19,3.69E-18,9.19E-22,1.85E-18
3.10E+13,1.30E-19,3.71E-18,9.01E-22,1.86E-18
3.11E+13,1.29E-19,3.74E-18,8.84E-22,1.87E-18
3.12E+13,1.28E-19,3.76E-18,8.67E-22,1.88E-18
3.13E+13,1.28E-19,3.78E-18,8.50E-22,1.89E-18
3.14E+13,1.27E-19,3.80E-18,8.33E-22,1.90E-18
3.15E+13,1.26E-19,3.82E-18,8.17E-22,1.91E-18
3.16E+13,1.25E-19,3.84E-18,8.01E-22,1.92E-18
3.17E+13,1.25E-19,3.86E-18,7.85E-22,1.93E-18
3.17E+13,1.24E-19,3.88E-18,7.70E-22,1.94E-18
3.18E+13,1.23E-19,3.91E-18,7.54E-22,1.95E-18
3.19E+13,1.23E-19,3.93E-18,7.40E-22,1.96E-18
3.20E+13,1.22E-19,3.95E-18,7.25E-22,1.98E-18
3.21E+13,1.21E-19,3.97E-18,7.11E-22,1.99E-18
3.22E+13,1.20E-19,3.99E-18,6.97E-22,2.00E-18
3.23E+13,1.20E-19,4.02E-18,6.83E-22,2.01E-18
3.24E+13,1.19E-19,4.04E-18,6.69E-22,2.02E-18
3.25E+13,1.18E-19,4.06E-18,6.56E-22,2.03E-18
3.25E+13,1.18E-19,4.08E-18,6.43E-22,2.04E-18
3.26E+13,1.17E-19,4.10E-18,6.30E-22,2.05E-18
3.27E+13,1.16E-19,4.13E-18,6.18E-22,2.06E-18
3.28E+13,1.15E-19,4.15E-18,6.05E-22,2.07E-18
3.29E+13,1.15E-19,4.17E-18,5.93E-22,2.09E-18
3.30E+13,1.14E-19,4.19E-18,5.81E-22,2.10E-18
3.31E+13,1.13E-19,4.22E-18,5.70E-22,2.11E-18
3.32E+13,1.13E-19,4.24E-18,5.58E-22,2.12E-18
3.32E+13,1.12E-19,4.26E-18,5.47E-22,2.13E-18
3.33E+13,1.11E-19,4.28E-18,5.36E-22,2.14E-18
3.34E+13,1.11E-19,4.31E-18,5.25E-22,2.15E-18
3.35E+13,1.10E-19,4.33E-18,5.15E-22,2.16E-18
3.36E+13,1.09E-19,4.35E-18,5.05E-22,2.18E-18
3.37E+13,1.08E-19,4.37E-18,4.94E-22,2.19E-18
3.38E+13,1.08E-19,4.40E-18,4.84E-22,2.20E-18
3.39E+13,1.07E-19,4.42E-18,4.75E-22,2.21E-18
3.40E+13,1.06E-19,4.44E-18,4.65E-22,2.22E-18
3.40E+13,1.06E-19,4.47E-18,4.56E-22,2.23E-18
3.41E+13,1.05E-19,4.49E-18,4.46E-22,2.24E-18
3.42E+13,1.04E-19,4.51E-18,4.37E-22,2.26E-18
3.43E+13,1.04E-19,4.54E-18,4.29E-22,2.27E-18
3.44E+13,1.03E-19,4.56E-18,4.20E-22,2.28E-18
3.45E+13,1.02E-19,4.58E-18,4.11E-22,2.29E-18
3.46E+13,1.02E-19,4.61E-18,4.03E-22,2.30E-18
3.47E+13,1.01E-19,4.63E-18,3.95E-22,2.31E-18
3.47E+13,1.00E-19,4.65E-18,3.87E-22,2.33E-18
3.48E+13,9.98E-20,4.68E-18,3.79E-22,2.34E-18
3.49E+13,9.91E-20,4.70E-18,3.71E-22,2.35E-18
3.50E+13,9.85E-20,4.72E-18,3.64E-22,2.36E-18
3.51E+13,9.78E-20,4.75E-18,3.56E-22,2.37E-18
3.52E+13,9.72E-20,4.77E-18,3.49E-22,2.39E-18
3.53E+13,9.65E-20,4.80E-18,3.42E-22,2.40E-18
3.54E+13,9.59E-20,4.82E-18,3.35E-22,2.41E-18
3.54E+13,9.52E-20,4.84E-18,3.28E-22,2.42E-18
3.55E+13,9.46E-20,4.87E-18,3.21E-22,2.43E-18
3.56E+13,9.40E-20,4.89E-18,3.14E-22,2.45E-18
3.57E+13,9.33E-20,4.92E-18,3.08E-22,2.46E-18
3.58E+13,9.27E-20,4.94E-18,3.02E-22,2.47E-18
3.59E+13,9.21E-20,4.97E-18,2.95E-22,2.48E-18
3.60E+13,9.15E-20,4.99E-18,2.89E-22,2.50E-18
3.61E+13,9.08E-20,5.01E-18,2.83E-22,2.51E-18
3.62E+13,9.02E-20,5.04E-18,2.78E-22,2.52E-18
3.62E+13,8.96E-20,5.06E-18,2.72E-22,2.53E-18
3.63E+13,8.90E-20,5.09E-18,2.66E-22,2.54E-18
3.64E+13,8.84E-20,5.11E-18,2.61E-22,2.56E-18
3.65E+13,8.78E-20,5.14E-18,2.55E-22,2.57E-18
3.66E+13,8.72E-20,5.16E-18,2.50E-22,2.58E-18
3.67E+13,8.66E-20,5.19E-18,2.45E-22,2.59E-18
3.68E+13,8.60E-20,5.21E-18,2.40E-22,2.61E-18
3.69E+13,8.54E-20,5.24E-18,2.35E-22,2.62E-18
3.69E+13,8.48E-20,5.26E-18,2.30E-22,2.63E-18
3.70E+13,8.42E-20,5.29E-18,2.25E-22,2.64E-18
3.71E+13,8.36E-20,5.31E-18,2.20E-22,2.66E-18
3.72E+13,8.30E-20,5.34E-18,2.16E-22,2.67E-18
3.73E+13,8.24E-20,5.36E-18,2.11E-22,2.68E-18
3.74E+13,8.19E-20,5.39E-18,2.07E-22,2.69E-18
3.75E+13,8.13E-20,5.41E-18,2.03E-22,2.71E-18
3.76E+13,8.07E-20,5.44E-18,1.98E-22,2.72E-18
3.77E+13,8.01E-20,5.47E-18,1.94E-22,2.73E-18
3.77E+13,7.96E-20,5.49E-18,1.90E-22,2.75E-18
3.78E+13,7.90E-20,5.52E-18,1.86E-22,2.76E-18
3.79E+13,7.84E-20,5.54E-18,1.82E-22,2.77E-18
3.80E+13,7.79E-20,5.57E-18,1.78E-22,2.78E-18
3.81E+13,7.73E-20,5.59E-18,1.75E-22,2.80E-18
3.82E+13,7.68E-20,5.62E-18,1.71E-22,2.81E-18
3.83E+13,7.62E-20,5.65E-18,1.67E-22,2.82E-18
3.84E+13,7.57E-20,5.67E-18,1.64E-22,2.84E-18
3.84E+13,7.51E-20,5.70E-18,1.60E-22,2.85E-18
3.85E+13,7.46E-20,5.72E-18,1.57E-22,2.86E-18
3.86E+13,7.40E-20,5.75E-18,1.54E-22,2.88E-18
3.87E+13,7.35E-20,5.78E-18,1.50E-22,2.89E-18
3.88E+13,7.30E-20,5.80E-18,1.47E-22,2.90E-18
3.89E+13,7.24E-20,5.83E-18,1.44E-22,2.91E-18
3.90E+13,7.19E-20,5.86E-18,1.41E-22,2.93E-18
3.91E+13,7.14E-20,5.88E-18,1.38E-22,2.94E-18
3.92E+13,7.09E-20,5.91E-18,1.35E-22,2.95E-18
3.92E+13,7.03E-20,5.94E-18,1.32E-22,2.97E-18
3.93E+13,6.98E-20,5.96E-18,1.29E-22,2.98E-18
3.94E+13,6.93E-20,5.99E-18,1.27E-22,2.99E-18
3.95E+13,6.88E-20,6.02E-18,1.24E-22,3.01E-18
3.96E+13,6.83E-20,6.04E-18,1.21E-22,3.02E-18
3.97E+13,6.78E-20,6.07E-18,1.19E-22,3.04E-18
3.98E+13,6.73E-20,6.10E-18,1.16E-22,3.05E-18
3.99E+13,6.68E-20,6.12E-18,1.14E-22,3.06E-18
3.99E+13,6.63E-20,6.15E-18,1.11E-22,3.08E-18
4.00E+13,6.58E-20,6.18E-18,1.09E-22,3.09E-18
4.01E+13,6.53E-20,6.21E-18,1.07E-22,3.10E-18
4.02E+13,6.48E-20,6.23E-18,1.04E-22,3.12E-18
4.03E+13,6.43E-20,6.26E-18,1.02E-22,3.13E-18
4.04E+13,6.38E-20,6.29E-18,9.99E-23,3.14E-18
4.05E+13,6.33E-20,6.32E-18,9.78E-23,3.16E-18
4.06E+13,6.29E-20,6.34E-18,9.57E-23,3.17E-18
4.07E+13,6.24E-20,6.37E-18,9.36E-23,3.19E-18
4.07E+13,6.19E-20,6.40E-18,9.16E-23,3.20E-18
4.08E+13,6.14E-20,6.43E-18,8.97E-23,3.21E-18
4.09E+13,6.10E-20,6.45E-18,8.77E-23,3.23E-18
4.10E+13,6.05E-20,6.48E-18,8.59E-23,3.24E-18
4.11E+13,6.00E-20,6.51E-18,8.40E-23,3.25E-18
4.12E+13,5.96E-20,6.54E-18,8.22E-23,3.27E-18
4.13E+13,5.91E-20,6.57E-18,8.04E-23,3.28E-18
4.14E+13,5.87E-20,6.59E-18,7.87E-23,3.30E-18
4.14E+13,5.82E-20,6.62E-18,7.70E-23,3.31E-18
4.15E+13,5.78E-20,6.65E-18,7.53E-23,3.33E-18
4.16E+13,5.73E-20,6.68E-18,7.37E-23,3.34E-18
4.17E+13,5.69E-20,6.71E-18,7.21E-23,3.35E-18
4.18E+13,5.64E-20,6.74E-18,7.05E-23,3.37E-18
4.19E+13,5.60E-20,6.76E-18,6.90E-23,3.38E-18
4.20E+13,5.56E-20,6.79E-18,6.75E-23,3.40E-18
4.21E+13,5.51E-20,6.82E-18,6.61E-23,3.41E-18
4.22E+13,5.47E-20,6.85E-18,6.46E-23,3.42E-18
4.22E+13,5.43E-20,6.88E-18,6.32E-23,3.44E-18
4.23E+13,5.39E-20,6.91E-18,6.19E-23,3.45E-18
4.24E+13,5.34E-20,6.94E-18,6.05E-23,3.47E-18
4.25E+13,5.30E-20,6.96E-18,5.92E-23,3.48E-18
4.26E+13,5.26E-20,6.99E-18,5.79E-23,3.50E-18
4.27E+13,5.22E-20,7.02E-18,5.67E-23,3.51E-18
4.28E+13,5.18E-20,7.05E-18,5.54E-23,3.53E-18
4.29E+13,5.14E-20,7.08E-18,5.42E-23,3.54E-18
4.29E+13,5.10E-20,7.11E-18,5.30E-23,3.55E-18
4.30E+13,5.05E-20,7.14E-18,5.19E-23,3.57E-18
4.31E+13,5.01E-20,7.17E-18,5.07E-23,3.58E-18
4.32E+13,4.97E-20,7.20E-18,4.96E-23,3.60E-18
4.33E+13,4.94E-20,7.23E-18,4.86E-23,3.61E-18
4.34E+13,4.90E-20,7.26E-18,4.75E-23,3.63E-18
4.35E+13,4.86E-20,7.29E-18,4.65E-23,3.64E-18
4.36E+13,4.82E-20,7.32E-18,4.54E-23,3.66E-18
4.37E+13,4.78E-20,7.35E-18,4.44E-23,3.67E-18
4.37E+13,4.74E-20,7.37E-18,4.35E-23,3.69E-18
4.38E+13,4.70E-20,7.40E-18,4.25E-23,3.70E-18
4.39E+13,4.66E-20,7.43E-18,4.16E-23,3.72E-18
4.40E+13,4.63E-20,7.46E-18,4.07E-23,3.73E-18
4.41E+13,4.59E-20,7.49E-18,3.98E-23,3.75E-18
4.42E+13,4.55E-20,7.52E-18,3.89E-23,3.76E-18
4.43E+13,4.52E-20,7.55E-18,3.80E-23,3.78E-18
4.44E+13,4.48E-20,7.58E-18,3.72E-23,3.79E-18
4.44E+13,4.44E-20,7.61E-18,3.64E-23,3.81E-18
4.45E+13,4.41E-20,7.64E-18,3.56E-23,3.82E-18
4.46E+13,4.37E-20,7.68E-18,3.48E-23,3.84E-18
4.47E+13,4.34E-20,7.71E-18,3.40E-23,3.85E-18
4.48E+13,4.30E-20,7.74E-18,3.33E-23,3.87E-18
4.49E+13,4.26E-20,7.77E-18,3.26E-23,3.88E-18
4.50E+13,4.23E-20,7.80E-18,3.18E-23,3.90E-18
4.51E+13,4.20E-20,7.83E-18,3.11E-23,3.91E-18
4.51E+13,4.16E-20,7.86E-18,3.04E-23,3.93E-18
4.52E+13,4.13E-20,7.89E-18,2.98E-23,3.94E-18
4.53E+13,4.09E-20,7.92E-18,2.91E-23,3.96E-18
4.54E+13,4.06E-20,7.95E-18,2.85E-23,3.98E-18
4.55E+13,4.03E-20,7.98E-18,2.78E-23,3.99E-18
4.56E+13,3.99E-20,8.01E-18,2.72E-23,4.01E-18
4.57E+13,3.96E-20,8.04E-18,2.66E-23,4.02E-18
4.58E+13,3.93E-20,8.07E-18,2.60E-23,4.04E-18
4.59E+13,3.89E-20,8.11E-18,2.55E-23,4.05E-18
4.59E+13,3.86E-20,8.14E-18,2.49E-23,4.07E-18
4.60E+13,3.83E-20,8.17E-18,2.43E-23,4.08E-18
4.61E+13,3.80E-20,8.20E-18,2.38E-23,4.10E-18
4.62E+13,3.77E-20,8.23E-18,2.33E-23,4.12E-18
4.63E+13,3.73E-20,8.26E-18,2.28E-23,4.13E-18
4.64E+13,3.70E-20,8.29E-18,2.22E-23,4.15E-18
4.65E+13,3.67E-20,8.33E-18,2.18E-23,4.16E-18
4.66E+13,3.64E-20,8.36E-18,2.13E-23,4.18E-18
4.66E+13,3.61E-20,8.39E-18,2.08E-23,4.19E-18
4.67E+13,3.58E-20,8.42E-18,2.03E-23,4.21E-18
4.68E+13,3.55E-20,8.45E-18,1.99E-23,4.23E-18
4.69E+13,3.52E-20,8.48E-18,1.94E-23,4.24E-18
4.70E+13,3.49E-20,8.52E-18,1.90E-23,4.26E-18
4.71E+13,3.46E-20,8.55E-18,1.86E-23,4.27E-18
4.72E+13,3.43E-20,8.58E-18,1.82E-23,4.29E-18
4.73E+13,3.40E-20,8.61E-18,1.78E-23,4.31E-18
4.74E+13,3.37E-20,8.64E-18,1.74E-23,4.32E-18
4.74E+13,3.34E-20,8.68E-18,1.70E-23,4.34E-18
4.75E+13,3.32E-20,8.71E-18,1.66E-23,4.35E-18
4.76E+13,3.29E-20,8.74E-18,1.62E-23,4.37E-18
4.77E+13,3.26E-20,8.77E-18,1.59E-23,4.39E-18
4.78E+13,3.23E-20,8.81E-18,1.55E-23,4.40E-18
4.79E+13,3.20E-20,8.84E-18,1.52E-23,4.42E-18
4.80E+13,3.18E-20,8.87E-18,1.48E-23,4.44E-18
4.81E+13,3.15E-20,8.90E-18,1.45E-23,4.45E-18
4.81E+13,3.12E-20,8.94E-18,1.42E-23,4.47E-18
4.82E+13,3.10E-20,8.97E-18,1.38E-23,4.48E-18
4.83E+13,3.07E-20,9.00E-18,1.35E-23,4.50E-18
4.84E+13,3.04E-20,9.04E-18,1.32E-23,4.52E-18
4.85E+13,3.02E-20,9.07E-18,1.29E-23,4.53E-18
4.86E+13,2.99E-20,9.10E-18,1.26E-23,4.55E-18
4.87E+13,2.97E-20,9.13E-18,1.24E-23,4.57E-18
4.88E+13,2.94E-20,9.17E-18,1.21E-23,4.58E-18
4.89E+13,2.91E-20,9.20E-18,1.18E-23,4.60E-18
4.89E+13,2.89E-20,9.23E-18,1.15E-23,4.62E-18
4.90E+13,2.86E-20,9.27E-18,1.13E-23,4.63E-18
4.91E+13,2.84E-20,9.30E-18,1.10E-23,4.65E-18
4.92E+13,2.81E-20,9.33E-18,1.08E-23,4.67E-18
4.93E+13,2.79E-20,9.37E-18,1.05E-23,4.68E-18
4.94E+13,2.77E-20,9.40E-18,1.03E-23,4.70E-18
4.95E+13,2.74E-20,9.43E-18,1.01E-23,4.72E-18
4.96E+13,2.72E-20,9.47E-18,9.83E-24,4.73E-18
4.96E+13,2.69E-20,9.50E-18,9.61E-24,4.75E-18
4.97E+13,2.67E-20,9.54E-18,9.39E-24,4.77E-18
4.98E+13,2.65E-20,9.57E-18,9.18E-24,4.78E-18
4.99E+13,2.62E-20,9.60E-18,8.97E-24,4.80E-18
5.00E+13,2.60E-20,9.64E-18,8.77E-24,4.82E-18
5.01E+13,2.58E-20,9.67E-18,8.57E-24,4.84E-18
5.02E+13,2.56E-20,9.71E-18,8.38E-24,4.85E-18
5.03E+13,2.53E-20,9.74E-18,8.19E-24,4.87E-18
5.04E+13,2.51E-20,9.77E-18,8.00E-24,4.89E-18
5.04E+13,2.49E-20,9.81E-18,7.82E-24,4.90E-18
5.05E+13,2.47E-20,9.84E-18,7.64E-24,4.92E-18
5.06E+13,2.44E-20,9.88E-18,7.47E-24,4.94E-18
5.07E+13,2.42E-20,9.91E-18,7.30E-24,4.96E-18
5.08E+13,2.40E-20,9.95E-18,7.13E-24,4.97E-18
5.09E+13,2.38E-20,9.98E-18,6.97E-24,4.99E-18
5.10E+13,2.36E-20,1.00E-17,6.81E-24,5.01E-18
5.11E+13,2.34E-20,1.00E-17,6.66E-24,5.02E-18
5.11E+13,2.32E-20,1.01E-17,6.51E-24,5.04E-18
5.12E+13,2.30E-20,1.01E-17,6.36E-24,5.06E-18
5.13E+13,2.28E-20,1.02E-17,6.21E-24,5.08E-18
5.14E+13,2.26E-20,1.02E-17,6.07E-24,5.09E-18
5.15E+13,2.24E-20,1.02E-17,5.93E-24,5.11E-18
5.16E+13,2.22E-20,1.03E-17,5.80E-24,5.13E-18
5.17E+13,2.20E-20,1.03E-17,5.66E-24,5.15E-18
5.18E+13,2.18E-20,1.03E-17,5.54E-24,5.16E-18
5.19E+13,2.16E-20,1.04E-17,5.41E-24,5.18E-18
5.19E+13,2.14E-20,1.04E-17,5.29E-24,5.20E-18
5.20E+13,2.12E-20,1.04E-17,5.16E-24,5.22E-18
5.21E+13,2.10E-20,1.05E-17,5.05E-24,5.24E-18
5.22E+13,2.08E-20,1.05E-17,4.93E-24,5.25E-18
5.23E+13,2.06E-20,1.05E-17,4.82E-24,5.27E-18
5.24E+13,2.04E-20,1.06E-17,4.71E-24,5.29E-18
5.25E+13,2.02E-20,1.06E-17,4.60E-24,5.31E-18
5.26E+13,2.01E-20,1.06E-17,4.50E-24,5.32E-18
5.26E+13,1.99E-20,1.07E-17,4.39E-24,5.34E-18
5.27E+13,1.97E-20,1.07E-17,4.29E-24,5.36E-18
5.28E+13,1.95E-20,1.08E-17,4.19E-24,5.38E-18
5.29E+13,1.94E-20,1.08E-17,4.10E-24,5.40E-18
5.30E+13,1.92E-20,1.08E-17,4.00E-24,5.41E-18
5.31E+13,1.90E-20,1.09E-17,3.91E-24,5.43E-18
5.32E+13,1.88E-20,1.09E-17,3.82E-24,5.45E-18
5.33E+13,1.87E-20,1.09E-17,3.73E-24,5.47E-18
5.34E+13,1.85E-20,1.10E-17,3.65E-24,5.49E-18
5.34E+13,1.83E-20,1.10E-17,3.56E-24,5.50E-18
5.35E+13,1.82E-20,1.10E-17,3.48E-24,5.52E-18
5.36E+13,1.80E-20,1.11E-17,3.40E-24,5.54E-18
5.37E+13,1.78E-20,1.11E-17,3.32E-24,5.56E-18
5.38E+13,1.77E-20,1.12E-17,3.25E-24,5.58E-18
5.39E+13,1.75E-20,1.12E-17,3.17E-24,5.60E-18
5.40E+13,1.73E-20,1.12E-17,3.10E-24,5.61E-18
5.41E+13,1.72E-20,1.13E-17,3.03E-24,5.63E-18
5.41E+13,1.70E-20,1.13E-17,2.96E-24,5.65E-18
5.42E+13,1.69E-20,1.13E-17,2.89E-24,5.67E-18
5.43E+13,1.67E-20,1.14E-17,2.82E-24,5.69E-18
5.44E+13,1.66E-20,1.14E-17,2.76E-24,5.71E-18
5.45E+13,1.64E-20,1.14E-17,2.69E-24,5.72E-18
5.46E+13,1.63E-20,1.15E-17,2.63E-24,5.74E-18
5.47E+13,1.61E-20,1.15E-17,2.57E-24,5.76E-18
5.48E+13,1.60E-20,1.16E-17,2.51E-24,5.78E-18
5.48E+13,1.58E-20,1.16E-17,2.45E-24,5.80E-18
5.49E+13,1.57E-20,1.16E-17,2.40E-24,5.82E-18
5.50E+13,1.55E-20,1.17E-17,2.34E-24,5.84E-18
5.51E+13,1.54E-20,1.17E-17,2.29E-24,5.85E-18
5.52E+13,1.52E-20,1.17E-17,2.24E-24,5.87E-18
5.53E+13,1.51E-20,1.18E-17,2.18E-24,5.89E-18
5.54E+13,1.49E-20,1.18E-17,2.13E-24,5.91E-18
5.55E+13,1.48E-20,1.19E-17,2.08E-24,5.93E-18
5.56E+13,1.47E-20,1.19E-17,2.04E-24,5.95E-18
5.56E+13,1.45E-20,1.19E-17,1.99E-24,5.97E-18
5.57E+13,1.44E-20,1.20E-17,1.94E-24,5.99E-18
5.58E+13,1.43E-20,1.20E-17,1.90E-24,6.01E-18
5.59E+13,1.41E-20,1.20E-17,1.85E-24,6.02E-18
5.60E+13,1.40E-20,1.21E-17,1.81E-24,6.04E-18
5.61E+13,1.39E-20,1.21E-17,1.77E-24,6.06E-18
5.62E+13,1.37E-20,1.22E-17,1.73E-24,6.08E-18
5.63E+13,1.36E-20,1.22E-17,1.69E-24,6.10E-18
5.63E+13,1.35E-20,1.22E-17,1.65E-24,6.12E-18
5.64E+13,1.34E-20,1.23E-17,1.61E-24,6.14E-18
5.65E+13,1.32E-20,1.23E-17,1.57E-24,6.16E-18
5.66E+13,1.31E-20,1.24E-17,1.54E-24,6.18E-18
5.67E+13,1.30E-20,1.24E-17,1.50E-24,6.20E-18
5.68E+13,1.29E-20,1.24E-17,1.46E-24,6.22E-18
5.69E+13,1.27E-20,1.25E-17,1.43E-24,6.24E-18
5.70E+13,1.26E-20,1.25E-17,1.40E-24,6.25E-18
5.71E+13,1.25E-20,1.25E-17,1.36E-24,6.27E-18
5.71E+13,1.24E-20,1.26E-17,1.33E-24,6.29E-18
5.72E+13,1.23E-20,1.26E-17,1.30E-24,6.31E-18
5.73E+13,1.22E-20,1.27E-17,1.27E-24,6.33E-18
5.74E+13,1.20E-20,1.27E-17,1.24E-24,6.35E-18
5.75E+13,1.19E-20,1.27E-17,1.21E-24,6.37E-18
5.76E+13,1.18E-20,1.28E-17,1.18E-24,6.39E-18
5.77E+13,1.17E-20,1.28E-17,1.16E-24,6.41E-18
5.78E+13,1.16E-20,1.29E-17,1.13E-24,6.43E-18
5.78E+13,1.15E-20,1.29E-17,1.10E-24,6.45E-18
5.79E+13,1.14E-20,1.29E-17,1.08E-24,6.47E-18
5.80E+13,1.13E-20,1.30E-17,1.05E-24,6.49E-18
5.81E+13,1.12E-20,1.30E-17,1.03E-24,6.51E-18
5.82E+13,1.11E-20,1.31E-17,1.00E-24,6.53E-18
5.83E+13,1.09E-20,1.31E-17,9.81E-25,6.55E-18
5.84E+13,1.08E-20,1.31E-17,9.58E-25,6.57E-18
5.85E+13,1.07E-20,1.32E-17,9.35E-25,6.59E-18
5.86E+13,1.06E-20,1.32E-17,9.14E-25,6.61E-18
5.86E+13,1.05E-20,1.33E-17,8.92E-25,6.63E-18
5.87E+13,1.04E-20,1.33E-17,8.71E-25,6.65E-18
5.88E+13,1.03E-20,1.33E-17,8.51E-25,6.67E-18
5.89E+13,1.02E-20,1.34E-17,8.31E-25,6.69E-18
5.90E+13,1.01E-20,1.34E-17,8.11E-25,6.71E-18
5.91E+13,1.00E-20,1.35E-17,7.92E-25,6.73E-18
5.92E+13,9.94E-21,1.35E-17,7.74E-25,6.75E-18
5.93E+13,9.85E-21,1.35E-17,7.56E-25,6.77E-18
5.93E+13,9.75E-21,1.36E-17,7.38E-25,6.79E-18
5.94E+13,9.66E-21,1.36E-17,7.21E-25,6.81E-18
5.95E+13,9.57E-21,1.37E-17,7.04E-25,6.83E-18
5.96E+13,9.48E-21,1.37E-17,6.87E-25,6.85E-18
5.97E+13,9.39E-21,1.37E-17,6.71E-25,6.87E-18
5.98E+13,9.29E-21,1.38E-17,6.55E-25,6.89E-18
5.99E+13,9.21E-21,1.38E-17,6.40E-25,6.91E-18
6.00E+13,9.12E-21,1.39E-17,6.25E-25,6.93E-18
6.01E+13,9.03E-21,1.39E-17,6.10E-25,6.95E-18
6.01E+13,8.94E-21,1.39E-17,5.96E-25,6.97E-18
6.02E+13,8.86E-21,1.40E-17,5.82E-25,6.99E-18
6.03E+13,8.77E-21,1.40E-17,5.68E-25,7.01E-18
6.04E+13,8.68E-21,1.41E-17,5.55E-25,7.03E-18
6.05E+13,8.60E-21,1.41E-17,5.42E-25,7.05E-18
6.06E+13,8.52E-21,1.41E-17,5.29E-25,7.07E-18
6.07E+13,8.43E-21,1.42E-17,5.16E-25,7.09E-18
6.08E+13,8.35E-21,1.42E-17,5.04E-25,7.12E-18
6.08E+13,8.27E-21,1.43E-17,4.92E-25,7.14E-18
6.09E+13,8.19E-21,1.43E-17,4.81E-25,7.16E-18
6.10E+13,8.11E-21,1.44E-17,4.69E-25,7.18E-18
6.11E+13,8.03E-21,1.44E-17,4.58E-25,7.20E-18
6.12E+13,7.96E-21,1.44E-17,4.48E-25,7.22E-18
6.13E+13,7.88E-21,1.45E-17,4.37E-25,7.24E-18
6.14E+13,7.80E-21,1.45E-17,4.27E-25,7.26E-18
6.15E+13,7.72E-21,1.46E-17,4.17E-25,7.28E-18
6.16E+13,7.65E-21,1.46E-17,4.07E-25,7.30E-18
6.16E+13,7.57E-21,1.46E-17,3.97E-25,7.32E-18
6.17E+13,7.50E-21,1.47E-17,3.88E-25,7.34E-18
6.18E+13,7.43E-21,1.47E-17,3.79E-25,7.37E-18
6.19E+13,7.36E-21,1.48E-17,3.70E-25,7.39E-18
6.20E+13,7.28E-21,1.48E-17,3.61E-25,7.41E-18
6.21E+13,7.21E-21,1.49E-17,3.52E-25,7.43E-18
6.22E+13,7.14E-21,1.49E-17,3.44E-25,7.45E-18
6.23E+13,7.07E-21,1.49E-17,3.36E-25,7.47E-18
6.23E+13,7.00E-21,1.50E-17,3.28E-25,7.49E-18
6.24E+13,6.93E-21,1.50E-17,3.20E-25,7.51E-18
6.25E+13,6.87E-21,1.51E-17,3.13E-25,7.53E-18
6.26E+13,6.80E-21,1.51E-17,3.05E-25,7.56E-18
6.27E+13,6.73E-21,1.52E-17,2.98E-25,7.58E-18
6.28E+13,6.66E-21,1.52E-17,2.91E-25,7.60E-18
6.29E+13,6.60E-21,1.52E-17,2.84E-25,7.62E-18
6.30E+13,6.53E-21,1.53E-17,2.77E-25,7.64E-18
6.31E+13,6.47E-21,1.53E-17,2.71E-25,7.66E-18
6.31E+13,6.41E-21,1.54E-17,2.64E-25,7.68E-18
6.32E+13,6.34E-21,1.54E-17,2.58E-25,7.71E-18
6.33E+13,6.28E-21,1.55E-17,2.52E-25,7.73E-18
6.34E+13,6.22E-21,1.55E-17,2.46E-25,7.75E-18
6.35E+13,6.16E-21,1.55E-17,2.40E-25,7.77E-18
6.36E+13,6.10E-21,1.56E-17,2.34E-25,7.79E-18
6.37E+13,6.04E-21,1.56E-17,2.29E-25,7.81E-18
6.38E+13,5.98E-21,1.57E-17,2.23E-25,7.83E-18
6.38E+13,5.92E-21,1.57E-17,2.18E-25,7.86E-18
6.39E+13,5.86E-21,1.58E-17,2.13E-25,7.88E-18
6.40E+13,5.80E-21,1.58E-17,2.08E-25,7.90E-18
6.41E+13,5.74E-21,1.58E-17,2.03E-25,7.92E-18
6.42E+13,5.69E-21,1.59E-17,1.98E-25,7.94E-18
6.43E+13,5.63E-21,1.59E-17,1.93E-25,7.97E-18
6.44E+13,5.57E-21,1.60E-17,1.89E-25,7.99E-18
6.45E+13,5.52E-21,1.60E-17,1.84E-25,8.01E-18
6.45E+13,5.46E-21,1.61E-17,1.80E-25,8.03E-18
6.46E+13,5.41E-21,1.61E-17,1.76E-25,8.05E-18
6.47E+13,5.35E-21,1.62E-17,1.71E-25,8.08E-18
6.48E+13,5.30E-21,1.62E-17,1.67E-25,8.10E-18
6.49E+13,5.25E-21,1.62E-17,1.63E-25,8.12E-18
6.50E+13,5.20E-21,1.63E-17,1.59E-25,8.14E-18
6.51E+13,5.14E-21,1.63E-17,1.56E-25,8.16E-18
6.52E+13,5.09E-21,1.64E-17,1.52E-25,8.19E-18
6.53E+13,5.04E-21,1.64E-17,1.48E-25,8.21E-18
6.53E+13,4.99E-21,1.65E-17,1.45E-25,8.23E-18
6.54E+13,4.94E-21,1.65E-17,1.41E-25,8.25E-18
6.55E+13,4.89E-21,1.65E-17,1.38E-25,8.27E-18
6.56E+13,4.84E-21,1.66E-17,1.35E-25,8.30E-18
6.57E+13,4.79E-21,1.66E-17,1.31E-25,8.32E-18
6.58E+13,4.75E-21,1.67E-17,1.28E-25,8.34E-18
6.59E+13,4.70E-21,1.67E-17,1.25E-25,8.36E-18
6.60E+13,4.65E-21,1.68E-17,1.22E-25,8.39E-18
6.60E+13,4.60E-21,1.68E-17,1.19E-25,8.41E-18
6.61E+13,4.56E-21,1.69E-17,1.16E-25,8.43E-18
6.62E+13,4.51E-21,1.69E-17,1.14E-25,8.45E-18
6.63E+13,4.47E-21,1.70E-17,1.11E-25,8.48E-18
6.64E+13,4.42E-21,1.70E-17,1.08E-25,8.50E-18
6.65E+13,4.38E-21,1.70E-17,1.06E-25,8.52E-18
6.66E+13,4.33E-21,1.71E-17,1.03E-25,8.54E-18
6.67E+13,4.29E-21,1.71E-17,1.01E-25,8.57E-18
6.68E+13,4.25E-21,1.72E-17,9.83E-26,8.59E-18
6.68E+13,4.20E-21,1.72E-17,9.59E-26,8.61E-18
6.69E+13,4.16E-21,1.73E-17,9.36E-26,8.63E-18
6.70E+13,4.12E-21,1.73E-17,9.14E-26,8.66E-18
6.71E+13,4.08E-21,1.74E-17,8.92E-26,8.68E-18
6.72E+13,4.04E-21,1.74E-17,8.71E-26,8.70E-18
6.73E+13,4.00E-21,1.75E-17,8.50E-26,8.73E-18
6.74E+13,3.96E-21,1.75E-17,8.29E-26,8.75E-18
6.75E+13,3.92E-21,1.75E-17,8.10E-26,8.77E-18
6.75E+13,3.88E-21,1.76E-17,7.90E-26,8.79E-18
6.76E+13,3.84E-21,1.76E-17,7.71E-26,8.82E-18
6.77E+13,3.80E-21,1.77E-17,7.53E-26,8.84E-18
6.78E+13,3.76E-21,1.77E-17,7.35E-26,8.86E-18
6.79E+13,3.72E-21,1.78E-17,7.17E-26,8.89E-18
6.80E+13,3.68E-21,1.78E-17,7.00E-26,8.91E-18
